Timestamp,โปรแกรมแท้,เครื่องซักผ้า,NONE,รองเท้าวิ่ง,ผักกรอบ,คอร์สเรียนเสริม,nintendo switch,BTC (Bitcoin),mechanical keyboard,เครื่องดูดฝุ่น Dyson,เคส ipad,คุณเคยซื้อโต๊ะปรับระดับหรือไม่,สินค้าจากพิมรี่พาย,I PHONE 13,"หูฟัง bluetooth (airpods,truewireless)",แก้วน้ำ Starbucks,เบาะรองนั่ง,เครื่องชงกาแฟแคปซูล,ตั๋วเครื่องบินไปญี่ปุ่น,Ebook,ตู้เย็น,กล้องฟิล์ม,เครื่องดนตรี,whey protein,วัตถุมงคล ,กระบองเพชรพูดได้,ROV Skin
10/28/2021 14:05,,,,เคยซื้อ,เคยซื้อ,เคยซื้อ,ไม่เคยซื้อ,ไม่เคยซื้อ,ไม่เคยซื้อ,ไม่เคยซื้อ,เคยซื้อ,ไม่เคยซื้อ,ไม่เคยซื้อ,ไม่เคยซื้อ,ไม่เคยซื้อ,ไม่เคยซื้อ,ไม่เคยซื้อ,ไม่เคยซื้อ,ไม่เคยซื้อ,เคยซื้อ,ไม่เคย,ไม่เคยซื้อ,เคยซื้อ,ไม่เคยซื้อ,เคยซื้อ,ไม่เคยซื้อ,ไม่เคยซื้อ
10/28/2021 14:06,,,,เคยซื้อ,ไม่เคยซื้อ,เคยซื้อ,เคยซื้อ,เคยซื้อ,เคยซื้อ,ไม่เคยซื้อ,เคยซื้อ,ไม่เคยซื้อ,ไม่เคยซื้อ,ไม่เคยซื้อ,เคยซื้อ,ไม่เคยซื้อ,เคยซื้อ,ไม่เคยซื้อ,ไม่เคยซื้อ,เคยซื้อ,ไม่เคย,เคยซื้อ,ไม่เคยซื้อ,เคยซื้อ,ไม่เคยซื้อ,ไม่เคยซื้อ,เคยซื้อ
10/28/2021 14:06,,,,เคยซื้อ,ไม่เคยซื้อ,เคยซื้อ,ไม่เคยซื้อ,เคยซื้อ,ไม่เคยซื้อ,ไม่เคยซื้อ,เคยซื้อ,ไม่เคยซื้อ,ไม่เคยซื้อ,ไม่เคยซื้อ,เคยซื้อ,เคยซื้อ,เคยซื้อ,ไม่เคยซื้อ,เคยซื้อ,ไม่เคยซื้อ,ไม่เคย,ไม่เคยซื้อ,เคยซื้อ,ไม่เคยซื้อ,ไม่เคยซื้อ,ไม่เคยซื้อ,ไม่เคยซื้อ
10/28/2021 14:06,,,,เคยซื้อ,ไม่เคยซื้อ,เคยซื้อ,ไม่เคยซื้อ,เคยซื้อ,ไม่เคยซื้อ,เคยซื้อ,เคยซื้อ,ไม่เคยซื้อ,เคยซื้อ,ไม่เคยซื้อ,เคยซื้อ,ไม่เคยซื้อ,เคยซื้อ,ไม่เคยซื้อ,เคยซื้อ,เคยซื้อ,เคย,ไม่เคยซื้อ,เคยซื้อ,ไม่เคยซื้อ,ไม่เคยซื้อ,ไม่เคยซื้อ,ไม่เคยซื้อ
10/28/2021 14:06,,,,เคยซื้อ,เคยซื้อ,เคยซื้อ,ไม่เคยซื้อ,ไม่เคยซื้อ,ไม่เคยซื้อ,ไม่เคยซื้อ,เคยซื้อ,ไม่เคยซื้อ,เคยซื้อ,ไม่เคยซื้อ,เคยซื้อ,ไม่เคยซื้อ,เคยซื้อ,ไม่เคยซื้อ,เคยซื้อ,ไม่เคยซื้อ,ไม่เคย,ไม่เคยซื้อ,ไม่เคยซื้อ,ไม่เคยซื้อ,ไม่เคยซื้อ,ไม่เคยซื้อ,ไม่เคยซื้อ
10/28/2021 14:06,,,,เคยซื้อ,ไม่เคยซื้อ,ไม่เคยซื้อ,ไม่เคยซื้อ,เคยซื้อ,ไม่เคยซื้อ,ไม่เคยซื้อ,เคยซื้อ,ไม่เคยซื้อ,ไม่เคยซื้อ,ไม่เคยซื้อ,เคยซื้อ,ไม่เคยซื้อ,ไม่เคยซื้อ,ไม่เคยซื้อ,ไม่เคยซื้อ,เคยซื้อ,เคย,ไม่เคยซื้อ,เคยซื้อ,ไม่เคยซื้อ,เคยซื้อ,ไม่เคยซื้อ,เคยซื้อ
10/28/2021 14:06,,,,เคยซื้อ,เคยซื้อ,เคยซื้อ,ไม่เคยซื้อ,ไม่เคยซื้อ,ไม่เคยซื้อ,ไม่เคยซื้อ,ไม่เคยซื้อ,ไม่เคยซื้อ,ไม่เคยซื้อ,ไม่เคยซื้อ,เคยซื้อ,ไม่เคยซื้อ,ไม่เคยซื้อ,ไม่เคยซื้อ,ไม่เคยซื้อ,ไม่เคยซื้อ,เคย,ไม่เคยซื้อ,ไม่เคยซื้อ,ไม่เคยซื้อ,เคยซื้อ,ไม่เคยซื้อ,ไม่เคยซื้อ
10/28/2021 14:06,,,,เคยซื้อ,ไม่เคยซื้อ,เคยซื้อ,ไม่เคยซื้อ,ไม่เคยซื้อ,ไม่เคยซื้อ,ไม่เคยซื้อ,เคยซื้อ,ไม่เคยซื้อ,ไม่เคยซื้อ,ไม่เคยซื้อ,เคยซื้อ,เคยซื้อ,เคยซื้อ,ไม่เคยซื้อ,เคยซื้อ,ไม่เคยซื้อ,ไม่เคย,ไม่เคยซื้อ,เคยซื้อ,ไม่เคยซื้อ,ไม่เคยซื้อ,ไม่เคยซื้อ,เคยซื้อ
10/28/2021 14:06,,,ไม่เคย,เคยซื้อ,เคยซื้อ,เคยซื้อ,เคยซื้อ,ไม่เคยซื้อ,ไม่เคยซื้อ,ไม่เคยซื้อ,เคยซื้อ,ไม่เคยซื้อ,ไม่เคยซื้อ,ไม่เคยซื้อ,เคยซื้อ,ไม่เคยซื้อ,เคยซื้อ,ไม่เคยซื้อ,ไม่เคยซื้อ,เคยซื้อ,ไม่เคย,ไม่เคยซื้อ,เคยซื้อ,ไม่เคยซื้อ,ไม่เคยซื้อ,ไม่เคยซื้อ,ไม่เคยซื้อ
10/28/2021 14:06,ไม่เคยซื้อ,ตัวเลือก 1,เคยซื้อ,เคยซื้อ,ไม่เคยซื้อ,เคยซื้อ,เคยซื้อ,เคยซื้อ,เคยซื้อ,ไม่เคยซื้อ,เคยซื้อ,ไม่เคยซื้อ,ไม่เคยซื้อ,ไม่เคยซื้อ,เคยซื้อ,เคยซื้อ,ไม่เคยซื้อ,ไม่เคยซื้อ,เคยซื้อ,เคยซื้อ,ไม่เคย,ไม่เคยซื้อ,ไม่เคยซื้อ,ไม่เคยซื้อ,ไม่เคยซื้อ,ไม่เคยซื้อ,ไม่เคยซื้อ
10/28/2021 14:06,ไม่เคยซื้อ,ตัวเลือก 1,ไม่เคย,เคยซื้อ,ไม่เคยซื้อ,เคยซื้อ,ไม่เคยซื้อ,ไม่เคยซื้อ,ไม่เคยซื้อ,ไม่เคยซื้อ,เคยซื้อ,ไม่เคยซื้อ,ไม่เคยซื้อ,ไม่เคยซื้อ,ไม่เคยซื้อ,ไม่เคยซื้อ,ไม่เคยซื้อ,ไม่เคยซื้อ,ไม่เคยซื้อ,เคยซื้อ,เคย,ไม่เคยซื้อ,เคยซื้อ,ไม่เคยซื้อ,เคยซื้อ,ไม่เคยซื้อ,ไม่เคยซื้อ
10/28/2021 14:07,เคยซื้อ,,,เคยซื้อ,เคยซื้อ,เคยซื้อ,ไม่เคยซื้อ,ไม่เคยซื้อ,เคยซื้อ,ไม่เคยซื้อ,เคยซื้อ,ไม่เคยซื้อ,ไม่เคยซื้อ,ไม่เคยซื้อ,ไม่เคยซื้อ,ไม่เคยซื้อ,เคยซื้อ,เคยซื้อ,เคยซื้อ,เคยซื้อ,เคย,ไม่เคยซื้อ,เคยซื้อ,เคยซื้อ,ไม่เคยซื้อ,ไม่เคยซื้อ,ไม่เคยซื้อ
10/28/2021 14:07,เคยซื้อ,ตัวเลือก 1,ไม่เคย,เคยซื้อ,เคยซื้อ,เคยซื้อ,เคยซื้อ,ไม่เคยซื้อ,เคยซื้อ,เคยซื้อ,เคยซื้อ,เคยซื้อ,ไม่เคยซื้อ,ไม่เคยซื้อ,เคยซื้อ,ไม่เคยซื้อ,เคยซื้อ,ไม่เคยซื้อ,เคยซื้อ,เคยซื้อ,เคย,ไม่เคยซื้อ,เคยซื้อ,เคยซื้อ,ไม่เคยซื้อ,ไม่เคยซื้อ,ไม่เคยซื้อ
10/28/2021 14:07,,,ไม่เคย,เคยซื้อ,ไม่เคยซื้อ,เคยซื้อ,ไม่เคยซื้อ,ไม่เคยซื้อ,ไม่เคยซื้อ,ไม่เคยซื้อ,เคยซื้อ,ไม่เคยซื้อ,ไม่เคยซื้อ,ไม่เคยซื้อ,ไม่เคยซื้อ,ไม่เคยซื้อ,เคยซื้อ,ไม่เคยซื้อ,ไม่เคยซื้อ,เคยซื้อ,เคย,ไม่เคยซื้อ,เคยซื้อ,ไม่เคยซื้อ,ไม่เคยซื้อ,ไม่เคยซื้อ,ไม่เคยซื้อ
10/28/2021 14:07,,,,เคยซื้อ,ไม่เคยซื้อ,เคยซื้อ,ไม่เคยซื้อ,เคยซื้อ,ไม่เคยซื้อ,ไม่เคยซื้อ,ไม่เคยซื้อ,ไม่เคยซื้อ,ไม่เคยซื้อ,ไม่เคยซื้อ,ไม่เคยซื้อ,ไม่เคยซื้อ,ไม่เคยซื้อ,ไม่เคยซื้อ,ไม่เคยซื้อ,เคยซื้อ,เคย,ไม่เคยซื้อ,ไม่เคยซื้อ,ไม่เคยซื้อ,ไม่เคยซื้อ,ไม่เคยซื้อ,ไม่เคยซื้อ
10/28/2021 14:07,,ไม่เคย,ไม่เคย,เคยซื้อ,เคยซื้อ,เคยซื้อ,เคยซื้อ,ไม่เคยซื้อ,ไม่เคยซื้อ,ไม่เคยซื้อ,เคยซื้อ,ไม่เคยซื้อ,ไม่เคยซื้อ,ไม่เคยซื้อ,เคยซื้อ,ไม่เคยซื้อ,ไม่เคยซื้อ,ไม่เคยซื้อ,ไม่เคยซื้อ,ไม่เคยซื้อ,ไม่เคย,เคยซื้อ,เคยซื้อ,เคยซื้อ,เคยซื้อ,ไม่เคยซื้อ,เคยซื้อ
10/28/2021 14:07,เคยซื้อ,,ไม่เคย,เคยซื้อ,ไม่เคยซื้อ,เคยซื้อ,ไม่เคยซื้อ,ไม่เคยซื้อ,ไม่เคยซื้อ,ไม่เคยซื้อ,เคยซื้อ,ไม่เคยซื้อ,ไม่เคยซื้อ,ไม่เคยซื้อ,ไม่เคยซื้อ,เคยซื้อ,เคยซื้อ,ไม่เคยซื้อ,ไม่เคยซื้อ,เคยซื้อ,ไม่เคย,ไม่เคยซื้อ,เคยซื้อ,ไม่เคยซื้อ,ไม่เคยซื้อ,ไม่เคยซื้อ,ไม่เคยซื้อ
10/28/2021 14:07,เคยซื้อ,ไม่เคย,ไม่เคย,เคยซื้อ,ไม่เคยซื้อ,เคยซื้อ,ไม่เคยซื้อ,เคยซื้อ,ไม่เคยซื้อ,ไม่เคยซื้อ,เคยซื้อ,ไม่เคยซื้อ,ไม่เคยซื้อ,ไม่เคยซื้อ,เคยซื้อ,,เคยซื้อ,ไม่เคยซื้อ,ไม่เคยซื้อ,เคยซื้อ,ไม่เคย,ไม่เคยซื้อ,ไม่เคยซื้อ,ไม่เคยซื้อ,ไม่เคยซื้อ,ไม่เคยซื้อ,ไม่เคยซื้อ
10/28/2021 14:07,เคยซื้อ,ไม่เคย,ไม่เคย,ไม่เคยซื้อ,ไม่เคยซื้อ,เคยซื้อ,ไม่เคยซื้อ,ไม่เคยซื้อ,ไม่เคยซื้อ,ไม่เคยซื้อ,เคยซื้อ,ไม่เคยซื้อ,ไม่เคยซื้อ,ไม่เคยซื้อ,ไม่เคยซื้อ,ไม่เคยซื้อ,เคยซื้อ,ไม่เคยซื้อ,เคยซื้อ,ไม่เคยซื้อ,ไม่เคย,ไม่เคยซื้อ,เคยซื้อ,ไม่เคยซื้อ,ไม่เคยซื้อ,ไม่เคยซื้อ,ไม่เคยซื้อ
10/28/2021 14:07,ไม่เคยซื้อ,ไม่เคย,เคยซื้อ,เคยซื้อ,เคยซื้อ,เคยซื้อ,ไม่เคยซื้อ,ไม่เคยซื้อ,ไม่เคยซื้อ,ไม่เคยซื้อ,เคยซื้อ,ไม่เคยซื้อ,ไม่เคยซื้อ,ไม่เคยซื้อ,เคยซื้อ,ไม่เคยซื้อ,เคยซื้อ,ไม่เคยซื้อ,ไม่เคยซื้อ,เคยซื้อ,ไม่เคย,เคยซื้อ,เคยซื้อ,เคยซื้อ,ไม่เคยซื้อ,ไม่เคยซื้อ,ไม่เคยซื้อ
10/28/2021 14:07,เคยซื้อ,ไม่เคย,เคยซื้อ,เคยซื้อ,ไม่เคยซื้อ,เคยซื้อ,ไม่เคยซื้อ,เคยซื้อ,เคยซื้อ,ไม่เคยซื้อ,เคยซื้อ,ไม่เคยซื้อ,ไม่เคยซื้อ,ไม่เคยซื้อ,เคยซื้อ,ไม่เคยซื้อ,ไม่เคยซื้อ,เคยซื้อ,ไม่เคยซื้อ,เคยซื้อ,ไม่เคย,ไม่เคยซื้อ,ไม่เคยซื้อ,ไม่เคยซื้อ,ไม่เคยซื้อ,เคยซื้อ,เคยซื้อ
10/28/2021 14:07,,ไม่เคย,,เคยซื้อ,ไม่เคยซื้อ,ไม่เคยซื้อ,ไม่เคยซื้อ,เคยซื้อ,ไม่เคยซื้อ,ไม่เคยซื้อ,เคยซื้อ,ไม่เคยซื้อ,ไม่เคยซื้อ,ไม่เคยซื้อ,เคยซื้อ,ไม่เคยซื้อ,ไม่เคยซื้อ,เคยซื้อ,ไม่เคยซื้อ,ไม่เคยซื้อ,ไม่เคย,ไม่เคยซื้อ,ไม่เคยซื้อ,ไม่เคยซื้อ,ไม่เคยซื้อ,ไม่เคยซื้อ,ไม่เคยซื้อ
10/28/2021 14:07,ไม่เคยซื้อ,เคย,ไม่เคย,เคยซื้อ,ไม่เคยซื้อ,เคยซื้อ,ไม่เคยซื้อ,เคยซื้อ,ไม่เคยซื้อ,ไม่เคยซื้อ,เคยซื้อ,ไม่เคยซื้อ,เคยซื้อ,ไม่เคยซื้อ,เคยซื้อ,เคยซื้อ,เคยซื้อ,ไม่เคยซื้อ,ไม่เคยซื้อ,เคยซื้อ,เคย,เคยซื้อ,เคยซื้อ,ไม่เคยซื้อ,เคยซื้อ,ไม่เคยซื้อ,ไม่เคยซื้อ
10/28/2021 14:07,,,,เคยซื้อ,ไม่เคยซื้อ,เคยซื้อ,ไม่เคยซื้อ,เคยซื้อ,ไม่เคยซื้อ,ไม่เคยซื้อ,เคยซื้อ,ไม่เคยซื้อ,ไม่เคยซื้อ,ไม่เคยซื้อ,เคยซื้อ,เคยซื้อ,เคยซื้อ,ไม่เคยซื้อ,ไม่เคยซื้อ,เคยซื้อ,ไม่เคย,ไม่เคยซื้อ,ไม่เคยซื้อ,ไม่เคยซื้อ,ไม่เคยซื้อ,ไม่เคยซื้อ,ไม่เคยซื้อ
10/28/2021 14:08,เคยซื้อ,ไม่เคย,ไม่เคย,เคยซื้อ,ไม่เคยซื้อ,เคยซื้อ,ไม่เคยซื้อ,ไม่เคยซื้อ,ไม่เคยซื้อ,ไม่เคยซื้อ,เคยซื้อ,ไม่เคยซื้อ,ไม่เคยซื้อ,ไม่เคยซื้อ,เคยซื้อ,ไม่เคยซื้อ,ไม่เคยซื้อ,ไม่เคยซื้อ,ไม่เคยซื้อ,ไม่เคยซื้อ,ไม่เคย,ไม่เคยซื้อ,ไม่เคยซื้อ,ไม่เคยซื้อ,ไม่เคยซื้อ,ไม่เคยซื้อ,ไม่เคยซื้อ
10/28/2021 14:08,เคยซื้อ,ไม่เคย,ไม่เคย,เคยซื้อ,เคยซื้อ,เคยซื้อ,เคยซื้อ,เคยซื้อ,ไม่เคยซื้อ,ไม่เคยซื้อ,เคยซื้อ,ไม่เคยซื้อ,ไม่เคยซื้อ,ไม่เคยซื้อ,เคยซื้อ,ไม่เคยซื้อ,เคยซื้อ,ไม่เคยซื้อ,ไม่เคยซื้อ,เคยซื้อ,ไม่เคย,ไม่เคยซื้อ,ไม่เคยซื้อ,ไม่เคยซื้อ,ไม่เคยซื้อ,ไม่เคยซื้อ,ไม่เคยซื้อ
10/28/2021 14:08,เคยซื้อ,เคย,ไม่เคย,เคยซื้อ,ไม่เคยซื้อ,เคยซื้อ,ไม่เคยซื้อ,เคยซื้อ,ไม่เคยซื้อ,ไม่เคยซื้อ,เคยซื้อ,ไม่เคยซื้อ,ไม่เคยซื้อ,ไม่เคยซื้อ,เคยซื้อ,ไม่เคยซื้อ,ไม่เคยซื้อ,ไม่เคยซื้อ,ไม่เคยซื้อ,ไม่เคยซื้อ,เคย,ไม่เคยซื้อ,เคยซื้อ,ไม่เคยซื้อ,ไม่เคยซื้อ,ไม่เคยซื้อ,เคยซื้อ
10/28/2021 14:08,เคยซื้อ,เคย,ไม่เคย,เคยซื้อ,ไม่เคยซื้อ,เคยซื้อ,เคยซื้อ,ไม่เคยซื้อ,ไม่เคยซื้อ,ไม่เคยซื้อ,เคยซื้อ,ไม่เคยซื้อ,ไม่เคยซื้อ,ไม่เคยซื้อ,เคยซื้อ,เคยซื้อ,ไม่เคยซื้อ,ไม่เคยซื้อ,เคยซื้อ,เคยซื้อ,เคย,เคยซื้อ,ไม่เคยซื้อ,เคยซื้อ,ไม่เคยซื้อ,ไม่เคยซื้อ,เคยซื้อ
10/28/2021 14:09,เคยซื้อ,ไม่เคย,ไม่เคย,เคยซื้อ,เคยซื้อ,เคยซื้อ,ไม่เคยซื้อ,ไม่เคยซื้อ,ไม่เคยซื้อ,ไม่เคยซื้อ,ไม่เคยซื้อ,ไม่เคยซื้อ,ไม่เคยซื้อ,ไม่เคยซื้อ,เคยซื้อ,ไม่เคยซื้อ,ไม่เคยซื้อ,ไม่เคยซื้อ,ไม่เคยซื้อ,ไม่เคยซื้อ,เคย,ไม่เคยซื้อ,ไม่เคยซื้อ,ไม่เคยซื้อ,เคยซื้อ,ไม่เคยซื้อ,ไม่เคยซื้อ
